ShopID,Sales,AvgIncome,Price,Temperature,State,Season
1,718,47074,3.11,29,Louisiana,Summer
2,309,52778,2.38,15,Texas,Autumn
3,386,63402,3.02,11,Texas,Autumn
4,149,53106,2.85,7,Louisiana,Winter
5,261,53528,2.84,9,Texas,Autumn
6,206,58830,3.44,4,Louisiana,Winter
7,346,50476,2.2,11,Louisiana,Winter
8,40,68022,3.15,11,Texas,Autumn
9,299,51586,3.33,25,Texas,Autumn
10,215,58506,3.16,14,Louisiana,Autumn
11,415,52304,2.95,10,Louisiana,Winter
12,373,76766,2.41,23,Louisiana,Autumn
13,316,59932,2.87,12,Louisiana,Autumn
14,88,72438,3.16,8,Louisiana,Winter
15,263,47194,3.15,26,Texas,Autumn
16,256,49872,2.43,21,Texas,Autumn
17,179,48396,3.11,13,Louisiana,Autumn
18,202,79110,3.34,12,Louisiana,Autumn
19,366,48478,2.87,25,Louisiana,Spring
20,435,45072,2.6,26,Louisiana,Spring
21,316,55950,3.09,14,Louisiana,Autumn
22,292,76408,2.07,7,Louisiana,Winter
23,129,56876,3.05,8,Louisiana,Autumn
24,44,44286,2.54,6,Texas,Winter
25,53,45818,3.63,13,Texas,Autumn
26,496,58546,2.32,24,Texas,Autumn
27,664,50736,2.64,24,Texas,Autumn
28,440,59796,3.39,20,Louisiana,Autumn
29,418,49148,3.18,24,Louisiana,Autumn
30,23,76096,3.3,8,Louisiana,Autumn
31,284,67298,2.86,11,Texas,Winter
32,457,87006,2.53,26,Texas,Autumn
33,170,50488,2.63,30,Louisiana,Autumn
34,66,73594,2.6,10,Louisiana,Autumn
35,124,58210,3,8,Louisiana,Autumn
36,267,58900,3.21,25,Louisiana,Autumn
37,370,43418,2.75,26,Texas,Spring
38,136,45266,3.44,12,Louisiana,Autumn
39,470,60834,2.57,26,Louisiana,Autumn
40,162,56158,2.59,9,Texas,Winter
41,792,51552,2.47,27,Louisiana,Spring
42,145,60274,3.42,7,Louisiana,Winter
43,126,46948,3.24,13,Louisiana,Autumn
44,372,72486,2.97,10,Louisiana,Autumn
45,476,55124,2.49,14,Texas,Winter
46,431,86728,3.04,11,Louisiana,Autumn
47,245,48044,3.26,13,Louisiana,Autumn
48,279,49874,2.68,23,Texas,Autumn
49,222,69664,3.13,21,Louisiana,Autumn
50,137,65676,3.32,6,Louisiana,Winter
51,195,51800,3.27,6,Texas,Winter
52,389,106106,2.85,26,Texas,Spring
53,507,53650,3.17,25,Louisiana,Spring
54,276,51104,2.66,12,Texas,Winter
55,221,44368,3.31,13,Texas,Autumn
56,320,54374,3.06,24,Texas,Autumn
57,461,69866,3.36,14,Texas,Autumn
58,613,58504,2.74,12,Texas,Autumn
59,319,66786,2.41,23,Louisiana,Autumn
60,218,63568,3.39,4,Louisiana,Winter
61,207,63786,2.78,11,Texas,Autumn
62,473,51208,2.88,9,Texas,Autumn
63,222,47966,2.91,25,Texas,Autumn
64,514,51038,1.83,28,Texas,Autumn
65,466,52916,3.17,15,Texas,Autumn
66,23,50340,3.12,6,Texas,Winter
67,145,61116,3.06,18,Louisiana,Autumn
68,266,61284,2.06,20,Louisiana,Autumn
69,196,92450,3.02,13,Louisiana,Autumn
70,79,55378,2.98,6,Louisiana,Winter
71,379,41508,2.99,31,Texas,Spring
72,63,56694,3.04,5,Louisiana,Winter
73,41,54606,2.87,6,Texas,Winter
74,778,64162,2.43,29,Texas,Summer
75,463,60894,3.02,27,Louisiana,Summer
76,323,63622,3.06,25,Texas,Autumn
77,185,57958,3.15,30,Texas,Autumn
78,128,55380,2.66,7,Texas,Winter
79,381,49696,2.3,24,Louisiana,Autumn
80,358,67616,2.64,25,Louisiana,Autumn
81,423,61780,2.73,10,Texas,Winter
82,325,51742,2.94,22,Texas,Autumn
83,525,53228,3.05,6,Texas,Winter
84,267,55452,2.61,32,Texas,Autumn
85,232,67640,1.86,13,Texas,Autumn
86,365,72306,2.91,24,Louisiana,Autumn
87,37,51670,2.49,12,Louisiana,Autumn
88,504,76168,2.57,5,Texas,Winter
89,544,45800,2.68,28,Texas,Summer
90,256,62578,2.83,11,Louisiana,Autumn
91,153,60486,3.57,12,Louisiana,Autumn
92,43,63392,3.43,10,Louisiana,Autumn
93,459,72648,2.56,25,Texas,Autumn
94,634,47100,3.47,29,Texas,Summer
95,52,44812,2.95,16,Louisiana,Autumn
96,334,45162,2.43,25,Louisiana,Autumn
97,170,51792,3.17,12,Texas,Autumn
98,342,81244,2.06,22,Texas,Autumn
99,48,53568,3.4,9,Louisiana,Winter
100,187,44840,3.08,9,Louisiana,Winter
101,48,45436,2.73,25,Texas,Autumn
102,349,44192,2.55,12,Texas,Autumn
103,360,42120,2.95,28,Texas,Spring
104,275,53582,3.46,8,Texas,Winter
105,413,45804,3.09,28,Louisiana,Summer
106,77,39854,3.21,14,Louisiana,Autumn
107,128,47126,3.19,13,Louisiana,Autumn
108,110,48770,2.95,29,Texas,Autumn
109,361,72652,2.58,8,Texas,Winter
110,80,67416,2.74,7,Louisiana,Winter
111,197,58256,3.5,11,Louisiana,Winter
112,14,62896,3.38,7,Louisiana,Winter
113,674,62452,2.57,24,Texas,Autumn
114,293,68020,2.61,23,Texas,Autumn
115,235,68338,3.08,9,Louisiana,Autumn
116,320,47404,3.06,26,Texas,Autumn
117,128,50908,2.71,8,Louisiana,Winter
118,283,52406,3.12,26,Louisiana,Autumn
119,800,54536,0.94,26,Texas,Spring
120,300,52316,2.95,9,Texas,Winter
121,374,75834,2.28,8,Louisiana,Winter
122,420,69730,2.76,21,Texas,Autumn
123,331,62156,3.39,26,Louisiana,Spring
124,335,48308,2.25,25,Louisiana,Spring
125,324,43118,2.64,27,Texas,Autumn
126,211,40308,2.68,21,Texas,Autumn
127,126,41624,3.32,11,Texas,Winter
128,184,51118,3,24,Louisiana,Autumn
129,230,43188,3.45,12,Louisiana,Autumn
130,293,43180,3.24,27,Texas,Spring
131,453,59836,2.97,26,Louisiana,Spring
132,342,55394,2.62,18,Texas,Autumn
133,9,91332,2.98,6,Louisiana,Winter
134,159,47720,2.81,23,Texas,Autumn
135,747,77504,2.04,28,Texas,Summer
136,224,43850,2.72,11,Texas,Winter
137,190,55732,3.17,5,Texas,Winter
138,453,50602,2.61,27,Texas,Spring
139,227,75890,3.41,8,Louisiana,Winter
140,174,68220,2.91,8,Louisiana,Autumn
141,36,67012,3.17,4,Louisiana,Winter
142,273,47726,2.64,12,Texas,Autumn
143,109,71636,3.44,7,Louisiana,Winter
144,224,42108,3.59,27,Texas,Autumn
145,595,52662,3.12,26,Louisiana,Spring
146,341,46782,2.91,28,Louisiana,Autumn
147,15,49398,3.31,11,Louisiana,Autumn
148,240,71974,2.71,28,Louisiana,Autumn
149,278,46754,2.5,28,Louisiana,Autumn
150,68,47442,2.75,27,Louisiana,Autumn
151,13,42182,3.03,6,Texas,Winter
152,205,67718,2.99,16,Louisiana,Autumn
153,319,64408,2.66,9,Louisiana,Winter
154,40,49848,3.13,9,Louisiana,Winter
155,210,50320,2.56,15,Texas,Autumn
156,299,46412,2.51,17,Texas,Autumn
157,277,62068,3.21,30,Louisiana,Spring
158,330,50922,3.45,11,Texas,Autumn
159,218,55934,2.87,24,Texas,Autumn
160,386,52808,3.24,9,Louisiana,Winter
161,154,45892,3.06,25,Texas,Spring
162,210,55150,2.75,13,Texas,Winter
163,369,61010,3.56,12,Louisiana,Autumn
164,147,44250,2.68,13,Texas,Autumn
165,63,47984,3.1,8,Louisiana,Autumn
166,120,47260,2.68,25,Louisiana,Autumn
167,651,52244,3.06,28,Texas,Spring
168,55,43804,2.77,12,Texas,Autumn
169,640,57062,3.29,32,Texas,Summer
170,253,45556,2.33,27,Texas,Autumn
171,367,52636,2.49,27,Louisiana,Summer
172,406,70790,2.88,21,Louisiana,Autumn
173,73,46694,2.61,22,Louisiana,Autumn
174,472,94520,2.97,8,Louisiana,Winter
175,108,52124,3.21,6,Louisiana,Winter
176,376,61590,3.37,21,Texas,Autumn
177,550,66732,2.57,27,Texas,Spring
178,211,59790,2.99,24,Louisiana,Autumn
179,198,42688,2.6,28,Louisiana,Spring
180,385,41150,2.75,24,Louisiana,Autumn
181,192,56292,3.23,4,Louisiana,Winter
182,75,53280,2.91,16,Louisiana,Autumn
183,348,44604,2.89,13,Texas,Autumn
184,479,62254,2.67,22,Texas,Autumn
185,516,64758,3.14,28,Louisiana,Spring
186,164,58500,3.27,24,Louisiana,Autumn
187,211,87636,2.94,8,Louisiana,Autumn
188,568,47014,2.44,26,Texas,Autumn
189,138,41950,3.12,19,Louisiana,Autumn
190,157,60412,2.99,6,Louisiana,Winter
191,237,65850,2.34,9,Louisiana,Autumn
192,200,45592,3.04,10,Louisiana,Winter
193,585,61882,3.05,28,Louisiana,Summer
194,466,52252,2.76,12,Texas,Autumn
195,330,64680,3.14,26,Louisiana,Summer
196,383,52916,1.97,19,Texas,Autumn
197,25,76126,3.25,11,Louisiana,Winter
198,258,46074,2.93,25,Texas,Autumn
199,221,52634,3.27,24,Texas,Autumn
200,280,54666,3.2,9,Louisiana,Autumn
201,259,50226,3.26,10,Louisiana,Autumn
202,386,45948,3.18,24,Texas,Autumn
203,356,54866,2.78,20,Texas,Autumn
204,422,57622,3.08,24,Louisiana,Autumn
205,368,47212,2.93,26,Texas,Spring
206,488,48024,3.12,24,Louisiana,Autumn
207,158,43138,3.06,10,Louisiana,Autumn
208,131,57394,2.93,11,Texas,Autumn
209,160,42480,3.01,24,Texas,Autumn
210,181,63696,3.21,10,Louisiana,Autumn
211,217,51734,2.26,23,Louisiana,Autumn
212,130,49804,3.66,16,Louisiana,Autumn
213,436,50608,3.09,25,Louisiana,Autumn
214,488,90788,2.69,13,Texas,Autumn
215,40,67660,3.47,7,Louisiana,Autumn
216,485,56838,2.84,9,Texas,Winter
217,298,73156,3.22,12,Texas,Autumn
218,57,51380,3.05,6,Texas,Winter
219,57,46740,3.57,9,Louisiana,Winter
220,264,52144,2.81,16,Louisiana,Autumn
221,306,76676,2.76,8,Texas,Winter
222,393,39500,3.36,11,Texas,Winter
223,565,46462,2.39,26,Texas,Autumn
224,153,54310,2.98,13,Louisiana,Autumn
225,544,55820,2.35,28,Texas,Summer
226,487,46070,2.69,31,Louisiana,Summer
227,325,50640,3.18,26,Texas,Autumn
228,308,51870,2.79,11,Texas,Winter
229,587,72460,2.87,23,Texas,Autumn
230,349,50694,2.7,26,Texas,Autumn
231,72,69978,3.24,11,Louisiana,Autumn
232,144,42998,3.31,29,Louisiana,Autumn
233,490,64790,2.96,27,Texas,Spring
234,254,67424,1.24,7,Texas,Winter
235,204,52292,2.48,12,Texas,Autumn
236,64,45210,3,23,Texas,Autumn
237,256,67552,3.06,25,Louisiana,Autumn
238,108,60772,3.32,9,Texas,Winter
239,395,52598,2.62,10,Texas,Winter
240,278,94066,3.43,14,Louisiana,Autumn
241,280,48400,2.69,15,Texas,Autumn
242,420,58668,3.44,19,Texas,Autumn
243,319,54742,3.38,12,Texas,Autumn
244,66,45612,3.15,12,Louisiana,Autumn
245,193,58508,2.95,12,Louisiana,Autumn
246,215,43430,1.7,24,Louisiana,Autumn
247,479,91732,2.3,25,Louisiana,Autumn
248,185,52566,2.59,11,Texas,Winter
249,267,70836,3.11,7,Louisiana,Autumn
250,253,61910,2.87,23,Louisiana,Autumn
251,20,48290,3.56,25,Louisiana,Autumn
252,607,61008,3,29,Texas,Summer
253,537,53362,3.07,31,Texas,Autumn
254,97,53648,3.5,22,Louisiana,Autumn
255,154,54066,3.11,17,Louisiana,Autumn
256,586,49618,3.02,29,Texas,Summer
257,279,58308,3.09,13,Texas,Autumn
258,274,57354,2.91,9,Louisiana,Winter
259,167,45464,2.84,6,Texas,Winter
260,122,42060,3.22,21,Louisiana,Autumn
261,125,57004,2.75,24,Louisiana,Autumn
262,451,64724,2.85,29,Texas,Spring
263,78,56220,3.41,8,Louisiana,Autumn
264,249,63198,3.06,10,Texas,Autumn
265,172,68950,2.67,9,Louisiana,Winter
266,197,54438,3.29,9,Louisiana,Autumn
267,142,48264,3.01,25,Louisiana,Spring
268,538,51250,2.73,26,Texas,Autumn
269,163,48884,3.42,12,Texas,Autumn
270,370,50650,2.89,22,Texas,Autumn
271,72,75684,3.08,5,Louisiana,Winter
272,33,54196,2.98,8,Louisiana,Winter
273,255,57294,3.25,12,Louisiana,Autumn
274,12,42256,3.59,23,Louisiana,Autumn
275,470,73146,3.2,23,Texas,Autumn
276,145,78508,2.66,7,Louisiana,Winter
277,261,58360,3.06,7,Louisiana,Winter
278,246,46488,2.84,22,Texas,Autumn
279,167,64276,3.23,5,Louisiana,Winter
280,375,49066,2.66,27,Texas,Autumn
281,179,45648,3.35,10,Louisiana,Autumn
282,416,54814,2.66,25,Texas,Autumn
283,189,42448,3.45,14,Texas,Autumn
284,532,53736,3.35,34,Texas,Summer
285,294,57272,2.84,19,Louisiana,Autumn
286,362,48080,2.72,14,Louisiana,Autumn
287,260,69928,2.72,10,Louisiana,Autumn
288,179,53532,2.91,10,Louisiana,Winter
289,366,55970,3.14,28,Louisiana,Summer
290,39,80340,2.4,8,Texas,Winter
291,148,64048,2.95,10,Louisiana,Autumn
292,202,39558,2.98,24,Texas,Autumn
293,189,49486,3.2,24,Texas,Autumn
294,326,51404,2.64,22,Louisiana,Autumn
295,109,51036,3.35,8,Louisiana,Autumn
296,250,51440,3.72,29,Texas,Spring
297,116,49582,3.12,6,Louisiana,Winter
298,485,61020,2.84,4,Texas,Winter
299,138,44418,2.74,23,Louisiana,Autumn
300,229,76598,2.56,7,Louisiana,Winter
301,247,74008,2.81,8,Louisiana,Winter
302,219,55092,3.12,11,Texas,Autumn
303,220,57658,3.24,8,Louisiana,Autumn
304,281,66426,2.77,12,Louisiana,Autumn
305,196,49516,2.62,9,Louisiana,Autumn
306,526,48906,3.02,28,Texas,Autumn
307,301,62018,2.81,22,Louisiana,Autumn
308,29,85678,3.04,5,Louisiana,Winter
309,270,44346,3.32,27,Texas,Autumn
310,455,61132,3.13,30,Texas,Spring
311,21,49536,3.47,11,Louisiana,Autumn
312,226,86714,2.82,5,Louisiana,Winter
313,383,48692,2.61,27,Texas,Autumn
314,499,81020,2.73,22,Texas,Autumn
315,345,51826,2.87,31,Texas,Autumn
316,278,47866,2.94,25,Louisiana,Autumn
317,272,46292,3.09,14,Texas,Autumn
318,156,49758,3.26,12,Louisiana,Autumn
319,544,54934,2.48,31,Louisiana,Autumn
320,290,57150,3.16,5,Louisiana,Winter
321,306,70182,3.23,18,Texas,Autumn
322,323,55862,2.6,22,Louisiana,Autumn
323,696,56006,2.82,26,Louisiana,Summer
324,368,50930,2.81,22,Texas,Autumn
325,278,48336,3.63,24,Louisiana,Autumn
326,220,53542,2.54,23,Louisiana,Autumn
327,192,65642,2.67,9,Louisiana,Winter
328,256,66834,2.96,8,Louisiana,Winter
329,197,50208,3.08,9,Texas,Winter
330,125,52440,3.1,26,Louisiana,Autumn
331,693,66238,2.39,27,Louisiana,Spring
332,176,53068,2.94,22,Texas,Autumn
333,179,59928,2.6,10,Texas,Autumn
334,577,52190,2.47,26,Texas,Spring
335,100,63420,3.19,9,Louisiana,Winter
336,133,84800,3.21,7,Louisiana,Winter
337,3,40378,3.15,22,Texas,Autumn
338,276,59538,2.52,20,Texas,Autumn
339,481,74222,2.85,10,Louisiana,Autumn
340,124,53516,3.03,25,Louisiana,Autumn
341,583,71568,2.97,25,Louisiana,Spring
342,198,50674,2.87,11,Louisiana,Winter
343,184,64208,3.06,11,Louisiana,Autumn
344,463,58840,2.81,24,Louisiana,Autumn
345,504,52158,2.96,10,Texas,Autumn
346,163,56704,2.61,12,Texas,Autumn
347,251,56534,3.02,3,Louisiana,Winter
348,83,53426,2.94,14,Texas,Autumn
349,258,44870,2.99,7,Texas,Winter
350,153,55580,3.08,25,Louisiana,Autumn
351,378,55818,3.06,13,Louisiana,Autumn
352,139,60366,2.71,7,Louisiana,Winter
353,91,56318,3.26,5,Louisiana,Winter
354,90,48650,3.47,11,Louisiana,Autumn
355,152,70612,2.79,15,Louisiana,Autumn
356,101,73080,3.24,8,Louisiana,Winter
357,165,48520,2.16,8,Louisiana,Winter
358,144,60240,2.91,9,Louisiana,Winter
359,81,68758,3.15,14,Louisiana,Autumn
360,326,49538,3.17,11,Texas,Autumn
361,198,56272,3.02,13,Texas,Autumn
362,101,78854,3.18,2,Louisiana,Winter
363,283,48424,2.76,27,Louisiana,Spring
364,485,46230,2.98,27,Louisiana,Summer
365,65,45038,3.19,25,Louisiana,Autumn
366,312,78552,2.98,7,Texas,Winter
367,247,60458,2.91,13,Texas,Autumn
368,249,47516,2.13,27,Texas,Autumn
369,64,58594,2.58,23,Louisiana,Autumn
370,306,45738,2.89,23,Texas,Autumn
371,268,64466,2.91,7,Louisiana,Autumn
372,164,58912,2.63,24,Texas,Autumn
373,290,49902,2.76,21,Texas,Autumn
374,271,46216,2.69,26,Louisiana,Autumn
375,655,52024,3.56,27,Texas,Summer
376,139,49152,2.85,14,Texas,Autumn
377,313,79730,3.06,25,Louisiana,Autumn
378,51,50572,3.34,5,Louisiana,Winter
379,138,57850,2.47,21,Louisiana,Autumn
380,402,52014,2.43,27,Texas,Spring
381,32,63282,3.53,11,Louisiana,Autumn
382,200,59966,3.24,14,Texas,Autumn
383,221,52980,2.78,11,Texas,Winter
384,245,50556,3.17,23,Texas,Autumn
385,313,75494,2.88,9,Louisiana,Autumn
386,115,47452,3.02,17,Louisiana,Autumn
387,332,62648,3.08,20,Texas,Autumn
388,260,61772,2.3,25,Texas,Autumn
389,293,52588,3.52,12,Louisiana,Autumn
390,293,71914,3.3,7,Louisiana,Winter
391,377,58622,2.58,9,Louisiana,Winter
392,283,60240,2.93,24,Texas,Autumn
393,134,49956,3.39,24,Louisiana,Autumn
394,659,50350,2.79,27,Texas,Spring
395,439,64990,2.69,10,Texas,Autumn
396,222,58648,2.83,13,Texas,Autumn
397,137,61628,2.72,10,Louisiana,Autumn
398,149,57396,3.05,9,Louisiana,Winter
399,129,55288,2.7,9,Louisiana,Winter
400,122,58138,3.19,8,Louisiana,Winter
401,181,65494,2.78,12,Texas,Autumn
402,702,50864,3.52,27,Texas,Spring
403,384,45432,2.8,25,Louisiana,Spring
404,207,42154,3.09,25,Texas,Autumn
405,212,44662,3.19,25,Texas,Autumn
406,380,57202,2.89,21,Texas,Autumn
407,446,47874,3.13,23,Louisiana,Autumn
408,235,51598,3.08,11,Louisiana,Autumn
409,199,51414,3.59,11,Louisiana,Autumn
410,213,58736,3.37,7,Louisiana,Winter
411,7,40068,3.33,12,Louisiana,Autumn
412,357,53108,2.78,10,Louisiana,Winter
413,315,68228,3.11,10,Louisiana,Autumn
414,136,53174,2.21,11,Louisiana,Winter
415,375,51370,3.08,22,Louisiana,Autumn
416,32,65342,3.19,8,Louisiana,Winter
417,316,44184,2.47,27,Louisiana,Spring
418,309,38220,3.37,33,Louisiana,Summer
419,247,39464,2.84,21,Texas,Autumn
420,386,50414,2.86,29,Texas,Spring
421,334,53798,2.72,14,Texas,Autumn
422,483,45722,2.64,26,Louisiana,Autumn
423,140,48376,2.51,7,Louisiana,Winter
424,493,55030,3.17,28,Louisiana,Spring
425,487,54646,2.04,25,Texas,Spring
426,57,62560,3.2,8,Louisiana,Winter
427,265,52426,2.75,28,Louisiana,Autumn
428,321,55284,2.94,8,Texas,Winter
429,285,61838,2.54,13,Texas,Autumn
430,419,51748,2.53,27,Louisiana,Spring
431,68,43134,3.23,17,Texas,Autumn
432,321,50818,2.62,6,Louisiana,Winter
433,490,55772,3.17,27,Louisiana,Summer
434,355,56548,3.27,22,Louisiana,Autumn
435,114,63938,2.93,11,Texas,Winter
436,392,78976,2.89,3,Louisiana,Winter
437,595,71680,2.51,26,Louisiana,Summer
438,363,74946,3.02,15,Louisiana,Autumn
439,276,55452,2.72,18,Texas,Autumn
440,654,60098,2.68,25,Louisiana,Spring
441,178,46032,2.06,23,Texas,Autumn
442,471,60554,3.2,25,Louisiana,Summer
443,180,57998,3.2,9,Louisiana,Autumn
444,539,53728,2.07,23,Louisiana,Autumn
445,324,74006,2.99,25,Texas,Autumn
446,315,51128,2.44,10,Texas,Autumn
447,267,52376,3.27,19,Texas,Autumn
448,62,42506,3.33,8,Louisiana,Autumn
449,318,45872,3.02,26,Louisiana,Spring
450,218,51372,3.02,6,Texas,Winter
451,131,48332,3.03,28,Texas,Autumn
452,483,46984,2.7,30,Texas,Summer
453,104,49772,2.81,6,Texas,Winter
454,94,53424,3.23,9,Texas,Winter
455,157,63562,2.4,10,Louisiana,Winter
456,580,53502,2.66,26,Louisiana,Summer
457,379,76200,2.16,10,Texas,Winter
458,356,44954,3.03,25,Texas,Autumn
459,242,57878,3.32,9,Louisiana,Winter
460,237,72194,2.78,15,Louisiana,Autumn
461,264,43882,2.97,12,Louisiana,Winter
462,363,57736,3.11,11,Texas,Autumn
463,237,52248,3.09,21,Louisiana,Autumn
464,347,41750,3.45,27,Louisiana,Spring
465,235,57710,3.15,25,Louisiana,Autumn
466,94,40422,3.27,25,Louisiana,Spring
467,172,51380,3.22,22,Louisiana,Autumn
468,283,43434,3.19,26,Texas,Spring
469,0,42990,3.32,16,Louisiana,Autumn
470,262,53186,3.14,24,Louisiana,Autumn
471,316,65032,1.94,8,Texas,Autumn
472,311,58900,2.62,8,Louisiana,Winter
473,72,67394,3.65,2,Louisiana,Winter
474,287,57160,2.93,24,Louisiana,Autumn
475,451,59086,2.64,14,Texas,Autumn
476,318,50806,2.62,24,Texas,Autumn
477,213,47914,2.51,10,Louisiana,Autumn
478,552,45502,2.31,22,Texas,Autumn
479,436,48628,3.12,11,Texas,Autumn
480,65,61096,3.23,9,Louisiana,Winter
481,549,43846,2.92,29,Louisiana,Summer
482,408,67758,3.12,9,Texas,Autumn
483,361,58914,3.67,26,Texas,Autumn
484,95,68802,3.03,10,Louisiana,Winter
485,253,45410,3.11,9,Louisiana,Winter
486,95,55880,2.94,15,Texas,Autumn
487,39,62492,3.08,12,Texas,Winter
488,170,47714,3.22,26,Texas,Autumn
489,522,64086,3.06,12,Texas,Autumn
490,366,56346,2.91,21,Texas,Autumn
491,33,51740,3.18,8,Louisiana,Winter
492,247,66356,3.07,15,Louisiana,Autumn
493,150,49398,3.3,9,Louisiana,Autumn
494,12,47778,3.41,9,Louisiana,Autumn
495,492,39554,2.69,33,Louisiana,Summer
496,331,63126,3.02,9,Louisiana,Autumn
497,148,45072,3.06,26,Louisiana,Autumn
498,199,45738,2.78,12,Texas,Autumn
499,91,61382,3.23,12,Louisiana,Autumn
500,724,49372,2.75,16,Texas,Autumn
501,160,51666,3.33,11,Louisiana,Autumn
502,417,46188,3.19,6,Texas,Winter
503,140,51764,2.69,24,Texas,Autumn
504,439,45778,3.64,26,Louisiana,Spring
505,506,106024,2.81,22,Texas,Autumn
506,276,68588,2.93,5,Louisiana,Winter
507,340,62620,2.36,12,Texas,Winter
508,512,49074,2.93,29,Louisiana,Summer
509,98,47902,3.5,9,Texas,Autumn
510,278,46818,2.76,20,Texas,Autumn
511,55,43542,3.51,23,Louisiana,Autumn
512,322,42186,3.15,28,Louisiana,Spring
513,345,50810,2.51,27,Texas,Spring
514,206,57742,3.24,23,Louisiana,Autumn
515,173,58810,3.24,12,Louisiana,Autumn
516,174,87036,2.84,7,Louisiana,Winter
517,468,70242,3.14,24,Texas,Autumn
518,97,49104,3.18,23,Louisiana,Autumn
519,466,61728,3.36,8,Texas,Autumn
520,401,41652,2.65,21,Texas,Autumn
521,72,49226,3.13,23,Louisiana,Autumn
522,178,59924,2.9,11,Texas,Winter
523,176,60706,2.83,25,Louisiana,Autumn
524,565,47014,2.9,12,Texas,Autumn
525,178,53666,3.26,10,Louisiana,Winter
526,46,46672,2.93,14,Louisiana,Autumn
527,88,57854,2.53,10,Texas,Winter
528,196,47982,2.93,11,Louisiana,Winter
529,244,44366,3.06,29,Texas,Autumn
530,110,51518,2.98,7,Louisiana,Winter
531,205,56986,2.78,9,Louisiana,Winter
532,154,47696,3.04,26,Louisiana,Autumn
533,304,54708,3.38,22,Louisiana,Spring
534,401,47106,3.27,24,Texas,Autumn
535,499,59130,2,23,Texas,Autumn
536,177,62780,2.74,14,Texas,Autumn
537,172,45262,2.67,23,Louisiana,Autumn
538,293,61496,2.55,23,Texas,Autumn
539,393,85896,3.18,8,Texas,Winter
540,359,43024,2.66,26,Louisiana,Autumn
541,339,93690,1.89,8,Texas,Winter
542,426,55084,2.84,12,Texas,Winter
543,152,67666,2.99,7,Louisiana,Autumn
544,355,54694,2.9,16,Texas,Autumn
545,469,64766,2.47,24,Texas,Autumn
546,527,55562,2.21,28,Louisiana,Summer
547,116,62018,2.72,4,Texas,Winter
548,74,41476,3.39,11,Louisiana,Autumn
549,421,39362,3.14,14,Texas,Autumn
550,266,56366,2.68,26,Texas,Spring
551,560,46120,3.62,24,Texas,Spring
552,316,45706,2.98,13,Louisiana,Autumn
553,218,75776,3.36,21,Louisiana,Autumn
554,356,73974,2.91,8,Louisiana,Autumn
555,88,67238,2.06,10,Louisiana,Winter
556,382,79558,2.78,13,Texas,Autumn
557,128,53798,3.03,11,Louisiana,Winter
558,271,60218,2.7,23,Louisiana,Spring
559,191,64270,2.81,12,Louisiana,Autumn
560,404,45880,3.42,24,Louisiana,Spring
561,145,40080,2.26,21,Texas,Autumn
562,357,51254,2.72,10,Texas,Winter
563,247,54116,3.3,9,Louisiana,Winter
564,230,53042,1.93,9,Louisiana,Winter
565,301,49508,3.09,7,Texas,Winter
566,4,63694,3.26,9,Louisiana,Autumn
567,411,69620,3.51,10,Texas,Winter
568,190,63254,3.35,7,Louisiana,Autumn
569,210,63950,3.41,10,Louisiana,Autumn
570,219,47854,1.81,23,Louisiana,Autumn
571,487,46156,2.81,29,Texas,Summer
572,196,50066,2.95,12,Texas,Autumn
573,394,63164,2.78,25,Louisiana,Autumn
574,141,48174,3.31,9,Louisiana,Winter
575,207,60778,2.3,8,Louisiana,Winter
576,14,84954,3.07,9,Louisiana,Winter
577,282,74958,2.81,22,Louisiana,Autumn
578,249,44096,2.87,29,Louisiana,Spring
579,221,54638,3,5,Louisiana,Winter
580,267,51288,2.88,25,Texas,Autumn
581,191,63572,2.54,23,Louisiana,Autumn
582,156,51648,3.01,5,Texas,Winter
583,693,43178,2.72,31,Louisiana,Summer
584,403,49414,3.53,28,Texas,Autumn
585,368,45926,2.7,28,Louisiana,Autumn
586,153,46502,2.44,18,Texas,Autumn
587,27,64064,3,4,Louisiana,Winter
588,197,52304,3.02,12,Louisiana,Autumn
589,210,44306,2.72,26,Texas,Autumn
590,240,42868,3.42,7,Louisiana,Winter
591,204,52112,2.66,10,Louisiana,Winter
592,111,41444,2.68,9,Texas,Winter
593,337,51970,2.37,26,Texas,Autumn
594,329,81410,3.09,9,Texas,Winter
595,613,53484,2.34,26,Louisiana,Spring
596,436,66026,3.05,27,Texas,Spring
597,260,61926,3.18,10,Louisiana,Autumn
598,73,48318,2.79,14,Texas,Autumn
599,390,74758,2.82,9,Louisiana,Winter
600,57,53516,2.67,7,Louisiana,Autumn
601,243,41988,3.08,12,Texas,Autumn
602,632,46310,2.99,27,Louisiana,Summer
603,180,55898,3.28,9,Louisiana,Autumn
604,210,58912,3.36,7,Louisiana,Winter
605,308,60528,3.23,10,Louisiana,Autumn
606,247,42712,3.32,22,Texas,Autumn
607,352,46822,2.81,13,Texas,Autumn
608,419,56440,3.06,11,Louisiana,Winter
609,186,50240,2.98,11,Louisiana,Winter
610,294,43576,3.12,29,Louisiana,Autumn
611,438,52416,2.91,20,Louisiana,Autumn
612,224,44034,2.43,24,Louisiana,Autumn
613,194,44618,3.7,25,Louisiana,Autumn
614,266,58116,2.55,31,Texas,Autumn
615,171,49772,2.79,12,Louisiana,Autumn
616,224,75618,2.7,14,Louisiana,Autumn
617,155,64928,3.39,8,Louisiana,Autumn
618,165,58596,2.81,11,Louisiana,Winter
619,523,57316,3.04,28,Texas,Summer
620,131,53420,3.43,8,Louisiana,Autumn
621,263,69924,2.72,25,Louisiana,Autumn
622,173,59292,2.31,7,Texas,Winter
623,196,57676,2.85,8,Texas,Winter
624,284,53240,3.36,19,Louisiana,Autumn
625,590,47032,2.84,27,Texas,Spring
626,65,46902,3.01,20,Texas,Autumn
627,363,66196,3,14,Texas,Autumn
628,232,43698,3.16,23,Louisiana,Autumn
629,416,55044,2.83,29,Texas,Autumn
630,689,56426,2.69,27,Texas,Spring
631,46,45616,3.05,7,Louisiana,Winter
632,5,57572,3.02,10,Louisiana,Autumn
633,185,68440,2.99,11,Louisiana,Autumn
634,86,56376,2.91,11,Louisiana,Autumn
635,14,55930,3.57,10,Louisiana,Winter
636,321,48228,3.03,11,Louisiana,Autumn
637,378,62022,2.86,24,Texas,Autumn
638,11,54538,3.35,15,Louisiana,Autumn
639,504,57280,3.38,24,Texas,Spring
640,2,46834,3.19,11,Texas,Autumn
641,371,79012,2.63,13,Louisiana,Autumn
642,112,63842,2.94,20,Louisiana,Autumn
643,259,66808,2.49,24,Texas,Autumn
644,50,51862,3.21,23,Louisiana,Autumn
645,201,59064,3.32,10,Louisiana,Winter
646,100,62222,3.17,18,Louisiana,Autumn
647,99,38430,2.72,30,Louisiana,Autumn
648,688,49814,2.81,32,Texas,Spring
649,33,50368,2.71,25,Louisiana,Spring
650,515,58050,2.99,23,Louisiana,Autumn
651,264,52436,3.15,12,Texas,Autumn
652,419,58888,2.53,5,Texas,Winter
653,543,66228,2.22,24,Louisiana,Spring
654,127,47772,3.03,27,Louisiana,Autumn
655,498,45684,3.32,30,Louisiana,Summer
656,263,61180,3.51,6,Texas,Winter
657,256,42334,3.36,8,Louisiana,Winter
658,124,75062,3.11,12,Texas,Autumn
659,117,62946,3.33,3,Louisiana,Winter
660,288,58950,2.25,12,Texas,Autumn
661,114,57250,3.14,12,Louisiana,Autumn
662,201,50774,2.72,11,Louisiana,Winter
663,75,59836,3.16,5,Louisiana,Winter
664,72,51888,2.97,29,Texas,Autumn
665,54,58098,3.61,13,Louisiana,Autumn
666,174,53208,2.92,13,Louisiana,Autumn
667,134,56168,3.15,9,Louisiana,Winter
668,193,48062,3.02,28,Louisiana,Spring
669,365,57874,2.74,15,Texas,Autumn
670,539,52106,2.1,25,Texas,Autumn
671,267,53698,2.81,10,Louisiana,Winter
672,33,54704,2.98,6,Louisiana,Winter
673,523,65218,3.11,25,Texas,Spring
674,453,54434,3.11,25,Louisiana,Spring
675,196,45998,3.54,28,Louisiana,Autumn
676,107,42250,3.26,14,Louisiana,Autumn
677,305,56680,2.67,11,Louisiana,Autumn
678,370,56442,3.01,11,Texas,Autumn
679,41,52886,3.03,13,Louisiana,Autumn
680,222,63946,3.32,10,Louisiana,Autumn
681,347,51300,2.82,7,Texas,Winter
682,84,47854,2.92,29,Louisiana,Autumn
683,153,72260,2,19,Louisiana,Autumn
684,394,62676,2.8,6,Texas,Winter
685,190,47868,2.75,7,Louisiana,Winter
686,246,61874,2.83,30,Texas,Autumn
687,138,48174,3.35,7,Louisiana,Winter
688,491,65150,2.8,8,Louisiana,Autumn
689,208,56486,3.27,10,Texas,Autumn
690,38,46794,3.26,27,Louisiana,Autumn
691,257,56776,2.99,30,Texas,Autumn
692,161,52230,3.32,9,Louisiana,Winter
693,296,65262,3.02,6,Texas,Winter
694,92,66108,2.78,3,Louisiana,Winter
695,382,59752,2.58,24,Texas,Autumn
696,110,42968,3.19,7,Louisiana,Winter
697,43,50714,3.43,23,Texas,Autumn
698,8,62992,3.14,10,Louisiana,Winter
699,313,45360,2.43,26,Texas,Spring
700,566,64244,2.91,22,Louisiana,Autumn
701,531,63456,1.26,25,Louisiana,Spring
702,572,54436,2.22,30,Texas,Spring
703,678,42372,2.9,29,Texas,Summer
704,112,75800,2.67,5,Louisiana,Winter
705,55,50390,3.39,13,Louisiana,Autumn
706,310,65110,2.93,3,Texas,Winter
707,238,74742,2.98,22,Louisiana,Autumn
708,90,51460,3.22,10,Louisiana,Winter
709,31,59372,2,10,Louisiana,Autumn
710,24,50304,3.56,20,Louisiana,Autumn
711,226,55022,3.08,13,Louisiana,Autumn
712,355,47222,3.35,11,Texas,Autumn
713,46,54622,3.2,9,Louisiana,Winter
714,186,55762,3.32,19,Louisiana,Autumn
715,535,60032,2.92,8,Louisiana,Autumn
716,261,63526,2.34,8,Louisiana,Winter
717,28,43434,3.34,26,Louisiana,Autumn
718,277,68296,2.95,14,Texas,Autumn
719,472,51494,2.61,24,Texas,Autumn
720,90,42614,2.63,27,Texas,Autumn
721,319,63170,3.16,10,Louisiana,Winter
722,534,56262,2.67,26,Texas,Spring
723,403,52264,3.31,26,Louisiana,Spring
724,83,44578,2.87,8,Louisiana,Winter
725,28,48440,3.01,10,Texas,Autumn
726,3,47940,3.38,21,Texas,Autumn
727,166,42332,3.46,11,Louisiana,Winter
728,493,60874,2.18,22,Texas,Autumn
729,259,58560,2.59,23,Louisiana,Autumn
730,376,49408,2.78,25,Texas,Spring
731,30,77008,3.33,8,Louisiana,Autumn
732,326,51286,3.2,26,Texas,Autumn
733,387,53456,3.02,24,Texas,Autumn
734,190,58654,2.82,9,Louisiana,Winter
735,33,62530,3.37,13,Louisiana,Autumn
736,176,42708,2.75,25,Texas,Autumn
737,157,41466,3.18,12,Louisiana,Winter
738,171,50862,3.05,25,Louisiana,Autumn
739,454,58718,3.12,13,Texas,Autumn
740,562,61058,3.08,24,Texas,Spring
741,265,45822,3.48,25,Louisiana,Autumn
742,370,42098,2.94,24,Texas,Autumn
743,22,56514,3.23,7,Louisiana,Winter
744,271,59208,2.99,7,Texas,Winter
745,235,66198,3.42,6,Louisiana,Autumn
746,449,62312,2.94,27,Louisiana,Autumn
747,618,89280,2.34,30,Louisiana,Summer
748,358,60198,2.82,27,Louisiana,Spring
749,50,45302,2.26,13,Texas,Autumn
750,138,49460,3.06,12,Louisiana,Autumn
751,75,45336,2.37,27,Texas,Autumn
752,252,46296,2.62,27,Texas,Autumn
753,231,56622,3.31,11,Texas,Winter
754,285,50910,3.27,23,Louisiana,Autumn
755,344,52030,2.76,13,Louisiana,Autumn
756,26,50250,3.12,13,Louisiana,Autumn
757,302,53112,3.52,10,Louisiana,Autumn
758,3,61894,2.99,8,Louisiana,Autumn
759,224,58372,2.88,26,Texas,Autumn
760,315,51338,3,21,Louisiana,Autumn
761,93,54000,3.26,11,Texas,Autumn
762,122,41460,3.3,26,Texas,Spring
763,269,69330,3.13,22,Louisiana,Autumn
764,253,55402,2.85,15,Louisiana,Autumn
765,98,53510,2.61,20,Louisiana,Autumn
766,169,52508,2.79,10,Louisiana,Autumn
767,335,56728,3.1,28,Louisiana,Autumn
768,162,44716,2.96,29,Louisiana,Autumn
769,382,77736,1,10,Texas,Autumn
770,366,50616,3.27,32,Texas,Autumn
771,330,57226,2.85,28,Louisiana,Spring
772,384,71144,2.97,6,Texas,Winter
773,102,49220,3.35,11,Texas,Autumn
774,362,50800,2.94,10,Texas,Autumn
775,494,44270,2.93,26,Texas,Autumn
776,47,63658,2.93,9,Texas,Winter
777,202,76846,3.5,13,Louisiana,Autumn
778,229,62514,2.61,10,Texas,Autumn
779,87,41158,2.85,23,Louisiana,Autumn
780,200,53630,2.73,21,Louisiana,Autumn
781,172,93754,2.74,5,Louisiana,Winter
782,142,46662,3.23,9,Louisiana,Winter
783,319,74848,3.04,8,Louisiana,Winter
784,459,51754,2.95,25,Louisiana,Spring
785,552,40500,2.82,30,Texas,Spring
786,4,67870,3.13,14,Texas,Autumn
787,146,50020,3.11,12,Louisiana,Autumn
788,373,56852,1.68,25,Louisiana,Autumn
789,423,60688,3.15,26,Louisiana,Spring
790,278,57614,2.36,11,Louisiana,Winter
791,573,57976,2.88,24,Texas,Spring
792,408,68434,2.61,22,Louisiana,Autumn
793,335,54254,2.38,25,Louisiana,Spring
794,113,46276,3.31,19,Louisiana,Autumn
795,306,60606,3.02,10,Louisiana,Autumn
796,385,52640,2.87,14,Louisiana,Autumn
797,229,40020,2.97,22,Louisiana,Autumn
798,22,66890,3.3,9,Louisiana,Winter
799,18,63556,2.67,6,Louisiana,Winter
800,103,150880,3.13,7,Louisiana,Winter
801,328,42000,2.9,23,Texas,Autumn
802,267,51816,2.8,10,Texas,Winter
803,633,47750,3.01,27,Louisiana,Spring
804,209,58052,2.61,9,Texas,Winter
805,519,48478,2.99,28,Texas,Summer
806,196,56288,2.9,28,Louisiana,Autumn
807,459,62524,2.6,9,Texas,Autumn
808,73,51130,3.21,8,Texas,Winter
809,500,55434,2.87,25,Louisiana,Spring
810,250,45844,2.54,20,Texas,Autumn
811,18,50358,3.21,23,Louisiana,Autumn
812,350,51444,2.8,22,Louisiana,Autumn
813,112,50960,3.2,24,Texas,Autumn
814,272,50516,3.13,23,Texas,Autumn
815,208,63318,3.51,7,Louisiana,Autumn
816,293,57226,3.34,14,Louisiana,Autumn
817,153,54440,2.46,11,Louisiana,Autumn
818,553,49288,1.99,27,Texas,Spring
819,484,52780,2.39,20,Texas,Autumn
820,59,64494,2.61,10,Louisiana,Autumn
821,498,47622,3.05,30,Louisiana,Summer
822,100,58692,3.02,7,Texas,Winter
823,271,56438,3,8,Texas,Winter
824,392,99052,2.92,26,Texas,Spring
825,566,36946,2.67,28,Texas,Summer
826,234,51468,2.85,15,Texas,Autumn
827,418,56952,3.18,10,Louisiana,Autumn
828,419,51508,2.82,12,Texas,Winter
829,177,49104,2.95,10,Louisiana,Winter
830,235,48912,2.62,9,Texas,Winter
831,294,61494,2.82,15,Texas,Autumn
832,240,57804,3.17,8,Louisiana,Winter
833,455,62586,3.04,16,Texas,Autumn
834,449,76188,2.54,13,Louisiana,Autumn
835,536,53678,3.11,29,Texas,Summer
836,174,47458,3.38,11,Louisiana,Autumn
837,8,64816,3.33,10,Louisiana,Winter
838,138,41672,2.9,15,Texas,Autumn
839,554,64404,3.07,21,Texas,Autumn
840,663,53094,2.34,30,Louisiana,Summer
841,141,58788,3.25,23,Louisiana,Autumn
842,42,50180,3.23,9,Texas,Winter
843,338,78546,3.16,10,Louisiana,Autumn
844,518,45606,2.66,28,Texas,Autumn
845,341,57768,3.28,5,Texas,Winter
846,383,57272,2.87,23,Louisiana,Autumn
847,242,49176,3.33,10,Louisiana,Winter
848,173,66496,2.53,6,Louisiana,Winter
849,2,56858,3.24,8,Louisiana,Autumn
850,227,67632,3.18,25,Texas,Autumn
851,27,59170,2.88,6,Louisiana,Winter
852,226,58492,2.81,11,Texas,Winter
853,164,47966,3.05,23,Louisiana,Autumn
854,46,53366,2.81,10,Louisiana,Autumn
855,440,65776,1.6,22,Texas,Autumn
856,362,75598,2.79,22,Texas,Autumn
857,473,54636,2.87,9,Texas,Autumn
858,408,62056,3.36,25,Texas,Spring
859,171,60150,2.92,10,Louisiana,Autumn
860,519,47484,3.21,27,Texas,Summer
861,120,46802,3.08,12,Louisiana,Autumn
862,217,58236,3.56,7,Texas,Winter
863,313,52454,3.5,24,Louisiana,Spring
864,270,41624,2.71,19,Texas,Autumn
865,143,57004,2.73,4,Texas,Winter
866,451,72232,2.66,27,Texas,Autumn
867,91,50638,3.31,14,Louisiana,Autumn
868,292,49246,2.71,24,Louisiana,Spring
869,182,41570,3.21,27,Louisiana,Spring
870,267,45616,2.88,12,Louisiana,Autumn
871,506,42658,2.88,28,Texas,Summer
872,431,70778,3.22,13,Louisiana,Autumn
873,455,79450,2.65,11,Texas,Autumn
874,459,60184,3.03,10,Texas,Autumn
875,140,50222,2.69,9,Texas,Winter
876,141,47714,3.41,9,Louisiana,Autumn
877,321,60574,2.15,11,Texas,Autumn
878,172,48846,2.61,24,Texas,Autumn
879,540,50308,3.12,27,Louisiana,Spring
880,360,60484,2.4,23,Texas,Autumn
881,261,64638,2.96,10,Texas,Winter
882,136,100264,3.31,4,Louisiana,Winter
883,184,53670,2.08,11,Texas,Autumn
884,264,61370,2.69,10,Louisiana,Autumn
885,452,43440,2.26,23,Texas,Autumn
886,175,54238,3.33,26,Louisiana,Autumn
887,170,55638,3,15,Texas,Autumn
888,287,54856,2.77,11,Louisiana,Autumn
889,7,51700,3.09,12,Louisiana,Autumn
890,178,43506,3.39,9,Louisiana,Autumn
891,311,59542,2.99,6,Texas,Winter
892,220,70478,2.56,8,Louisiana,Winter
893,366,60040,3.08,11,Louisiana,Autumn
894,94,39276,3.06,8,Texas,Winter
895,111,47590,2.9,10,Louisiana,Winter
896,5,41696,2.37,8,Louisiana,Winter
897,85,43996,3.13,26,Louisiana,Autumn
898,13,61514,2.92,9,Louisiana,Winter
899,197,49716,3.25,26,Louisiana,Spring
900,610,45006,3.12,26,Louisiana,Summer
901,394,50324,3.37,24,Louisiana,Spring
902,33,41292,3.57,9,Louisiana,Autumn
903,117,53614,3.3,13,Louisiana,Autumn
904,353,49704,2.97,26,Louisiana,Spring
905,148,47018,2.83,11,Texas,Winter
906,268,48778,3.63,27,Louisiana,Summer
907,239,85768,2.89,12,Louisiana,Autumn
908,167,61870,2.63,1,Louisiana,Winter
909,152,57734,3.03,13,Louisiana,Autumn
910,59,43518,3.33,29,Texas,Spring
911,368,47502,2.9,24,Texas,Autumn
912,320,60788,2.61,10,Louisiana,Autumn
913,144,45492,3.32,23,Texas,Autumn
914,298,50208,2.28,24,Texas,Autumn
915,371,46766,2.88,30,Louisiana,Spring
916,318,43724,2.25,21,Louisiana,Autumn
917,291,57238,2.69,16,Louisiana,Autumn
918,430,65468,2.4,10,Louisiana,Autumn
919,681,57808,3.15,25,Texas,Spring
920,101,44906,3.42,22,Louisiana,Autumn
921,48,38938,3.35,26,Louisiana,Autumn
922,188,45130,2.4,16,Louisiana,Autumn
923,244,53568,2.97,15,Louisiana,Autumn
924,181,56186,2.7,11,Louisiana,Autumn
925,153,57186,3.39,23,Louisiana,Autumn
926,166,52106,2.77,14,Louisiana,Autumn
927,239,51668,3.22,20,Louisiana,Autumn
928,586,40748,3.09,27,Texas,Summer
929,429,50992,2.13,28,Louisiana,Spring
930,228,70530,3.27,9,Louisiana,Autumn
931,97,49204,3.32,6,Texas,Winter
932,97,59492,3.85,10,Texas,Winter
933,336,54654,3.36,22,Louisiana,Autumn
934,668,56190,3.23,28,Louisiana,Summer
935,414,55312,3.15,15,Louisiana,Autumn
936,360,41718,2.99,25,Louisiana,Autumn
937,6,42762,3.67,24,Louisiana,Autumn
938,108,61858,3.26,8,Louisiana,Winter
939,56,59856,3,7,Louisiana,Autumn
940,254,42866,3.08,29,Texas,Spring
941,178,52454,3.24,11,Louisiana,Autumn
942,395,54492,2.63,10,Texas,Autumn
943,182,39286,3.06,15,Texas,Autumn
944,331,42044,2.88,12,Texas,Winter
945,141,57528,3.13,7,Louisiana,Winter
946,74,63250,3.51,12,Louisiana,Autumn
947,208,65326,3.06,11,Louisiana,Autumn
948,149,43774,2.97,9,Louisiana,Winter
949,141,45272,3.42,10,Louisiana,Autumn
950,262,52862,3.13,11,Louisiana,Autumn
951,181,42362,3.24,14,Texas,Autumn
952,181,58340,2.52,13,Louisiana,Autumn
953,82,67494,3.01,4,Louisiana,Winter
954,377,69226,3.24,8,Louisiana,Autumn
955,478,55210,2.69,24,Texas,Autumn
956,35,72918,3.05,7,Louisiana,Winter
957,243,60354,3.23,13,Louisiana,Autumn
958,701,41336,3.44,31,Texas,Summer
959,194,45304,3.37,27,Texas,Autumn
960,253,57088,3.09,9,Louisiana,Winter
961,137,50850,3.02,22,Louisiana,Autumn
962,93,39322,2.34,17,Louisiana,Autumn
963,410,58100,3.23,26,Louisiana,Spring
964,405,53552,2.96,27,Texas,Summer
965,242,51508,2.75,29,Louisiana,Autumn
966,149,68900,3.04,9,Texas,Winter
967,61,49664,3.71,10,Louisiana,Autumn
968,195,59264,2.95,8,Louisiana,Winter
969,212,45920,3.46,20,Texas,Autumn
970,4,48038,2.74,13,Louisiana,Autumn
971,451,68814,3.02,10,Louisiana,Autumn
972,240,66500,2.86,8,Texas,Winter
973,350,62244,2.48,11,Louisiana,Autumn
974,243,56566,2.59,9,Texas,Winter
975,421,72400,2.49,22,Louisiana,Autumn
976,109,64922,3.07,22,Texas,Autumn
977,397,49824,3.02,25,Texas,Autumn
978,233,58736,3.22,11,Texas,Winter
979,268,51814,2.82,28,Louisiana,Spring
980,97,52230,2.44,21,Texas,Autumn
981,227,52810,3.47,12,Texas,Autumn
982,92,49978,3.41,21,Texas,Autumn
983,172,87684,2.75,23,Louisiana,Autumn
984,125,60626,2.91,13,Louisiana,Autumn
985,192,62584,2.95,24,Louisiana,Autumn
986,213,51932,3.11,12,Louisiana,Autumn
987,210,60178,3.09,12,Louisiana,Autumn
988,208,46336,3.11,14,Texas,Autumn
989,277,46028,3.29,26,Louisiana,Autumn
990,173,48986,2.63,6,Texas,Winter
991,224,68924,3.53,24,Louisiana,Autumn
992,159,44414,3.09,17,Texas,Autumn
993,437,61932,3.48,21,Louisiana,Autumn
994,31,43422,2.94,11,Louisiana,Autumn
995,33,46392,3.39,22,Louisiana,Autumn
996,336,47178,3.12,28,Texas,Spring
997,177,73694,3.09,12,Louisiana,Autumn
998,34,50338,3.13,7,Texas,Winter
999,541,50000,3.11,13,Texas,Autumn
1000,181,68110,3.22,13,Louisiana,Autumn
